Metric,Value
Mean KS Score,0.917910447761194
Correlation Diff,0.8893605974592376
Discriminator AUC,0.6444919278252612
